{
    "class_counts": {
        "0": 900,
        "1": 3600
    },
    "sample_tracking": {
        "original": {
            "class_0": 900,
            "class_1": 3600,
            "total": 4500
        },
        "ae_smote": {
            "original_class_0": 720,
            "original_class_1": 2880,
            "synthetic_class_0": 1440,
            "synthetic_class_1": 0,
            "final_class_0": 2160,
            "final_class_1": 2880,
            "total": 5040
        },
        "gan": {
            "original_class_0": 720,
            "original_class_1": 2880,
            "synthetic_class_0": 1440,
            "synthetic_class_1": 0,
            "final_class_0": 2160,
            "final_class_1": 2880,
            "total": 5040
        }
    },
    "metrics": {
        "original": {
            "accuracy": 0.9755555555555555,
            "precision": 0.9741847826086957,
            "recall": 0.9958333333333333,
            "f1": 0.9848901098901099,
            "confusion_matrix": [
                [
                    161,
                    19
                ],
                [
                    3,
                    717
                ]
            ]
        },
        "ae_smote": {
            "accuracy": 0.9688888888888889,
            "precision": 0.9638069705093834,
            "recall": 0.9986111111111111,
            "f1": 0.9809004092769441,
            "confusion_matrix": [
                [
                    153,
                    27
                ],
                [
                    1,
                    719
                ]
            ]
        },
        "gan": {
            "accuracy": 0.98,
            "precision": 0.9834710743801653,
            "recall": 0.9916666666666667,
            "f1": 0.9875518672199171,
            "confusion_matrix": [
                [
                    168,
                    12
                ],
                [
                    6,
                    714
                ]
            ]
        }
    }
}